group,symbol,ens_id,in_dataset,n_cells_expressing,pct_expressing,mean_expr,max_expr
canonical_identity,wt1a,ENSDARG00000031420,True,108,5.230024213075061,0.11495733261108398,4.200300216674805
canonical_identity::day1,wt1a,ENSDARG00000031420,True,20,3.3840947546531304,0.07263454049825668,3.2710254192352295
canonical_identity::day2,wt1a,ENSDARG00000031420,True,37,4.030501089324619,0.07957682758569717,3.8035287857055664
canonical_identity::day3,wt1a,ENSDARG00000031420,True,51,9.172661870503598,0.21836033463478088,4.200300216674805
canonical_identity,wt1b,ENSDARG00000007990,True,208,10.072639225181598,0.18935027718544006,3.4072110652923584
canonical_identity::day1,wt1b,ENSDARG00000007990,True,18,3.0456852791878175,0.0565778985619545,3.075993299484253
canonical_identity::day2,wt1b,ENSDARG00000007990,True,150,16.33986928104575,0.3028440773487091,3.4072110652923584
canonical_identity::day3,wt1b,ENSDARG00000007990,True,40,7.194244604316546,0.14309346675872803,3.0598978996276855
canonical_identity,pax2a,ENSDARG00000028148,True,455,22.033898305084744,0.43385303020477295,4.015320777893066
canonical_identity::day1,pax2a,ENSDARG00000028148,True,94,15.905245346869712,0.3234046399593353,4.015320777893066
canonical_identity::day2,pax2a,ENSDARG00000028148,True,248,27.01525054466231,0.5230764746665955,3.663926362991333
canonical_identity::day3,pax2a,ENSDARG00000028148,True,113,20.323741007194247,0.4039390981197357,3.911578416824341
canonical_identity,pax8,ENSDARG00000015879,True,233,11.283292978208232,0.18909749388694763,3.428107976913452
canonical_identity::day1,pax8,ENSDARG00000015879,True,32,5.414551607445008,0.07860002666711807,2.8396921157836914
canonical_identity::day2,pax8,ENSDARG00000015879,True,170,18.51851851851852,0.3173973262310028,3.428107976913452
canonical_identity::day3,pax8,ENSDARG00000015879,True,31,5.575539568345324,0.0947175845503807,3.0181944370269775
canonical_identity,hnf1ba,ENSDARG00000006615,True,523,25.326876513317192,0.4851681888103485,3.6292150020599365
canonical_identity::day1,hnf1ba,ENSDARG00000006615,True,86,14.551607445008461,0.25049322843551636,3.6292150020599365
canonical_identity::day2,hnf1ba,ENSDARG00000006615,True,309,33.66013071895425,0.6684966683387756,3.4186460971832275
canonical_identity::day3,hnf1ba,ENSDARG00000006615,True,128,23.021582733812952,0.431925892829895,3.411987066268921
canonical_identity,hnf1bb,ENSDARG00000022295,True,20,0.9685230024213075,0.011450959369540215,1.910592794418335
canonical_identity::day1,hnf1bb,ENSDARG00000022295,True,5,0.8460236886632826,0.009466089308261871,1.5377811193466187
canonical_identity::day2,hnf1bb,ENSDARG00000022295,True,8,0.8714596949891068,0.009448389522731304,1.910592794418335
canonical_identity::day3,hnf1bb,ENSDARG00000022295,True,7,1.2589928057553956,0.016867177560925484,1.768966794013977
canonical_identity,lhx1a,ENSDARG00000014018,True,92,4.455205811138015,0.08171852678060532,3.528259515762329
canonical_identity::day1,lhx1a,ENSDARG00000014018,True,50,8.460236886632826,0.1582239866256714,3.148176431655884
canonical_identity::day2,lhx1a,ENSDARG00000014018,True,16,1.7429193899782136,0.02699999138712883,2.7328569889068604
canonical_identity::day3,lhx1a,ENSDARG00000014018,True,26,4.676258992805756,0.09074171632528305,3.528259515762329
podocyte,podxl,ENSDARG00000031228,True,258,12.493946731234868,0.2785314619541168,4.965827941894531
podocyte::day1,podxl,ENSDARG00000031228,True,83,14.04399323181049,0.24105726182460785,4.064248561859131
podocyte::day2,podxl,ENSDARG00000031228,True,75,8.169934640522875,0.175645649433136,4.638502597808838
podocyte::day3,podxl,ENSDARG00000031228,True,100,17.985611510791365,0.4882373511791229,4.965827941894531
podocyte,nphs1,ENSDARG00000060758,True,78,3.777239709443099,0.08308892697095871,3.869567394256592
podocyte::day1,nphs1,ENSDARG00000060758,True,9,1.5228426395939088,0.029088305309414864,2.406099557876587
podocyte::day2,nphs1,ENSDARG00000060758,True,28,3.0501089324618738,0.057511866092681885,3.297297477722168
podocyte::day3,nphs1,ENSDARG00000060758,True,41,7.374100719424461,0.18271860480308533,3.869567394256592
podocyte,nphs2,ENSDARG00000042850,True,98,4.745762711864407,0.13503868877887726,4.928224563598633
podocyte::day1,nphs2,ENSDARG00000042850,True,6,1.015228426395939,0.019925232976675034,3.0139384269714355
podocyte::day2,nphs2,ENSDARG00000042850,True,27,2.941176470588235,0.08735383301973343,4.8091888427734375
podocyte::day3,nphs2,ENSDARG00000042850,True,65,11.690647482014388,0.33612993359565735,4.928224563598633
podocyte,mafba,ENSDARG00000017121,True,261,12.639225181598063,0.25366997718811035,4.326579570770264
podocyte::day1,mafba,ENSDARG00000017121,True,59,9.983079526226735,0.18205323815345764,3.494208574295044
podocyte::day2,mafba,ENSDARG00000017121,True,108,11.76470588235294,0.21359671652317047,3.823105812072754
podocyte::day3,mafba,ENSDARG00000017121,True,94,16.906474820143885,0.39595910906791687,4.326579570770264
proximal_tubule,slc20a1a,ENSDARG00000020114,True,267,12.929782082324456,0.2881975471973419,5.103420734405518
proximal_tubule::day1,slc20a1a,ENSDARG00000020114,True,46,7.7834179357022,0.14611011743545532,3.879776954650879
proximal_tubule::day2,slc20a1a,ENSDARG00000020114,True,159,17.320261437908496,0.36668217182159424,4.5524091720581055
proximal_tubule::day3,slc20a1a,ENSDARG00000020114,True,62,11.151079136690647,0.3096449375152588,5.103420734405518
proximal_tubule,slc4a4a,ENSDARG00000013730,True,461,22.324455205811137,0.6305474638938904,5.126362323760986
proximal_tubule::day1,slc4a4a,ENSDARG00000013730,True,90,15.228426395939088,0.4317280054092407,5.078042030334473
proximal_tubule::day2,slc4a4a,ENSDARG00000013730,True,255,27.77777777777778,0.8095139265060425,5.126362323760986
proximal_tubule::day3,slc4a4a,ENSDARG00000013730,True,116,20.863309352517987,0.546394944190979,4.939226150512695
proximal_tubule,trpm7,ENSDARG00000036232,True,219,10.605326876513317,0.1586340367794037,3.2980804443359375
proximal_tubule::day1,trpm7,ENSDARG00000036232,True,57,9.644670050761421,0.12153241783380508,2.3551697731018066
proximal_tubule::day2,trpm7,ENSDARG00000036232,True,100,10.893246187363834,0.16757835447788239,3.0964131355285645
proximal_tubule::day3,trpm7,ENSDARG00000036232,True,62,11.151079136690647,0.18330338597297668,3.2980804443359375
proximal_tubule,slc13a3,ENSDARG00000069478,True,44,2.1307506053268765,0.028185056522488594,2.8564393520355225
proximal_tubule::day1,slc13a3,ENSDARG00000069478,True,2,0.338409475465313,0.004361751023679972,1.7103501558303833
proximal_tubule::day2,slc13a3,ENSDARG00000069478,True,15,1.6339869281045754,0.022271770983934402,2.8564393520355225
proximal_tubule::day3,slc13a3,ENSDARG00000069478,True,27,4.856115107913669,0.06327133625745773,2.0667977333068848
proximal_tubule,slc13a1,ENSDARG00000045638,True,71,3.438256658595642,0.06661000847816467,3.8841989040374756
proximal_tubule::day1,slc13a1,ENSDARG00000045638,True,6,1.015228426395939,0.01593884453177452,2.292079210281372
proximal_tubule::day2,slc13a1,ENSDARG00000045638,True,44,4.793028322440087,0.09174427390098572,3.77988862991333
proximal_tubule::day3,slc13a1,ENSDARG00000045638,True,21,3.776978417266187,0.07897225022315979,3.8841989040374756
distal_early,slc12a1,ENSDARG00000098096,False,0,0.0,0.0,0.0
distal_early,kcnj1a.1,ENSDARG00000091232,True,84,4.067796610169491,0.08285657316446304,3.7717440128326416
distal_early::day1,kcnj1a.1,ENSDARG00000091232,True,3,0.5076142131979695,0.01030247937887907,3.5374596118927
distal_early::day2,kcnj1a.1,ENSDARG00000091232,True,69,7.516339869281046,0.15390543639659882,3.7717440128326416
distal_early::day3,kcnj1a.1,ENSDARG00000091232,True,12,2.158273381294964,0.042670611292123795,3.214937448501587
distal_early,slc12a1a,,False,0,0.0,0.0,0.0
distal_late,slc12a3,ENSDARG00000013855,True,204,9.878934624697337,0.26207372546195984,4.771627902984619
distal_late::day1,slc12a3,ENSDARG00000013855,True,23,3.8917089678511,0.10153833031654358,4.140625
distal_late::day2,slc12a3,ENSDARG00000013855,True,157,17.10239651416122,0.4611489474773407,4.771627902984619
distal_late::day3,slc12a3,ENSDARG00000013855,True,24,4.316546762589928,0.10402586311101913,4.341006278991699
distal_late,clcnkb,,False,0,0.0,0.0,0.0
duct_general,gata3,ENSDARG00000016526,True,122,5.907990314769976,0.10027118772268295,3.038620710372925
duct_general::day1,gata3,ENSDARG00000016526,True,13,2.199661590524535,0.03343517705798149,2.3620336055755615
duct_general::day2,gata3,ENSDARG00000016526,True,78,8.49673202614379,0.14566361904144287,3.038620710372925
duct_general::day3,gata3,ENSDARG00000016526,True,31,5.575539568345324,0.0963679626584053,2.95121693611145
duct_general,cdh17,ENSDARG00000005112,True,725,35.1089588377724,0.9892889857292175,4.7743144035339355
duct_general::day1,cdh17,ENSDARG00000005112,True,96,16.243654822335024,0.4213874042034149,3.866935968399048
duct_general::day2,cdh17,ENSDARG00000005112,True,412,44.88017429193899,1.427607774734497,4.7743144035339355
duct_general::day3,cdh17,ENSDARG00000005112,True,217,39.02877697841727,0.8692408800125122,4.295817852020264
duct_general,atp1a1a.2,ENSDARG00000007739,True,11,0.5326876513317191,0.009606628678739071,3.3899712562561035
duct_general::day1,atp1a1a.2,ENSDARG00000007739,True,1,0.1692047377326565,0.0014663265319541097,0.8665989637374878
duct_general::day2,atp1a1a.2,ENSDARG00000007739,True,8,0.8714596949891068,0.017028609290719032,3.3899712562561035
duct_general::day3,atp1a1a.2,ENSDARG00000007739,True,2,0.3597122302158274,0.006005086004734039,2.4470856189727783
duct_general,atp1b1b,ENSDARG00000076833,True,168,8.135593220338983,0.16308046877384186,6.535092830657959
duct_general::day1,atp1b1b,ENSDARG00000076833,True,27,4.568527918781726,0.08561984449625015,3.352509021759033
duct_general::day2,atp1b1b,ENSDARG00000076833,True,114,12.418300653594772,0.2580519914627075,6.5016326904296875
duct_general::day3,atp1b1b,ENSDARG00000076833,True,27,4.856115107913669,0.08861169964075089,6.535092830657959
intermediate_meso,emx1,ENSDARG00000039569,True,373,18.062953995157386,0.361131876707077,4.040939807891846
intermediate_meso::day1,emx1,ENSDARG00000039569,True,53,8.967851099830796,0.16482560336589813,2.9791576862335205
intermediate_meso::day2,emx1,ENSDARG00000039569,True,253,27.5599128540305,0.5643200874328613,4.040939807891846
intermediate_meso::day3,emx1,ENSDARG00000039569,True,67,12.050359712230216,0.2343156933784485,3.632143497467041
intermediate_meso,irx3b,ENSDARG00000031138,True,339,16.416464891041162,0.346656858921051,4.063380241394043
intermediate_meso::day1,irx3b,ENSDARG00000031138,True,186,31.472081218274113,0.6814538240432739,3.693906307220459
intermediate_meso::day2,irx3b,ENSDARG00000031138,True,111,12.091503267973856,0.2489604353904724,3.881303071975708
intermediate_meso::day3,irx3b,ENSDARG00000031138,True,42,7.553956834532374,0.15208911895751953,4.063380241394043
intermediate_meso,sim1a,ENSDARG00000023316,True,114,5.520581113801453,0.09916660934686661,3.2621877193450928
intermediate_meso::day1,sim1a,ENSDARG00000023316,True,22,3.7225042301184432,0.06496648490428925,2.9889235496520996
intermediate_meso::day2,sim1a,ENSDARG00000023316,True,42,4.57516339869281,0.06622748076915741,2.29254412651062
intermediate_meso::day3,sim1a,ENSDARG00000023316,True,50,8.992805755395683,0.18990474939346313,3.2621877193450928
intermediate_meso,tbx2b,ENSDARG00000006120,True,398,19.27360774818402,0.4146770238876343,4.099422931671143
intermediate_meso::day1,tbx2b,ENSDARG00000006120,True,62,10.490693739424705,0.18369542062282562,3.9089016914367676
intermediate_meso::day2,tbx2b,ENSDARG00000006120,True,264,28.75816993464052,0.6581674814224243,4.099422931671143
intermediate_meso::day3,tbx2b,ENSDARG00000006120,True,72,12.949640287769784,0.25817689299583435,4.084367275238037
transcription_factor_panel,mecom,ENSDARG00000060808,True,40,1.937046004842615,0.02799217775464058,2.312836170196533
transcription_factor_panel::day1,mecom,ENSDARG00000060808,True,19,3.2148900169204735,0.04436959698796272,2.312836170196533
transcription_factor_panel::day2,mecom,ENSDARG00000060808,True,11,1.1982570806100217,0.016633290797472,2.220914363861084
transcription_factor_panel::day3,mecom,ENSDARG00000060808,True,10,1.7985611510791366,0.029338233172893524,2.2654736042022705
transcription_factor_panel,foxc1a,ENSDARG00000091481,True,149,7.215496368038742,0.13812467455863953,3.606576681137085
transcription_factor_panel::day1,foxc1a,ENSDARG00000091481,True,19,3.2148900169204735,0.05033661052584648,2.581461191177368
transcription_factor_panel::day2,foxc1a,ENSDARG00000091481,True,97,10.56644880174292,0.20639300346374512,3.606576681137085
transcription_factor_panel::day3,foxc1a,ENSDARG00000091481,True,33,5.935251798561151,0.11872252821922302,2.9545278549194336
transcription_factor_panel,pou3f3a,ENSDARG00000042032,True,290,14.043583535108958,0.2294585257768631,3.672548770904541
transcription_factor_panel::day1,pou3f3a,ENSDARG00000042032,True,134,22.673434856175973,0.36164966225624084,3.2229721546173096
transcription_factor_panel::day2,pou3f3a,ENSDARG00000042032,True,95,10.348583877995644,0.15853047370910645,2.894766330718994
transcription_factor_panel::day3,pou3f3a,ENSDARG00000042032,True,61,10.971223021582734,0.20605388283729553,3.672548770904541
transcription_factor_panel,tbx2b,ENSDARG00000006120,True,398,19.27360774818402,0.4146770238876343,4.099422931671143
transcription_factor_panel::day1,tbx2b,ENSDARG00000006120,True,62,10.490693739424705,0.18369542062282562,3.9089016914367676
transcription_factor_panel::day2,tbx2b,ENSDARG00000006120,True,264,28.75816993464052,0.6581674814224243,4.099422931671143
transcription_factor_panel::day3,tbx2b,ENSDARG00000006120,True,72,12.949640287769784,0.25817689299583435,4.084367275238037
transcription_factor_panel,gata3,ENSDARG00000016526,True,122,5.907990314769976,0.10027118772268295,3.038620710372925
transcription_factor_panel::day1,gata3,ENSDARG00000016526,True,13,2.199661590524535,0.03343517705798149,2.3620336055755615
transcription_factor_panel::day2,gata3,ENSDARG00000016526,True,78,8.49673202614379,0.14566361904144287,3.038620710372925
transcription_factor_panel::day3,gata3,ENSDARG00000016526,True,31,5.575539568345324,0.0963679626584053,2.95121693611145
