marker,ens_id,in_dataset,n_cells_expressing,pct_expressing,mean_expr,max_expr,scope
atp1a1a.2,ENSDARG00000007739,True,8,18.6046511627907,0.15764650702476501,1.1626148223876953,
atp1a1a.2,ENSDARG00000007739,True,1,7.142857142857142,0.06267884373664856,0.8775038123130798,14hpf
atp1a1a.2,ENSDARG00000007739,True,7,33.33333333333333,0.2810140550136566,1.1626148223876953,18hpf
atp1a1a.2,ENSDARG00000007739,True,0,0.0,0.0,0.0,24hpf
atp1a1a.2,ENSDARG00000007739,True,5,45.45454545454545,0.3541410565376282,1.0147615671157837,cluster_105
atp1a1a.2,ENSDARG00000007739,True,2,20.0,0.20057439804077148,1.1626148223876953,cluster_109
atp1a1a.2,ENSDARG00000007739,True,0,0.0,0.0,0.0,cluster_187
atp1a1a.2,ENSDARG00000007739,True,1,7.142857142857142,0.06267884373664856,0.8775038123130798,cluster_69
atp1b1b,ENSDARG00000076833,True,5,11.627906976744185,0.13399256765842438,1.507939100265503,
atp1b1b,ENSDARG00000076833,True,1,7.142857142857142,0.05685354396700859,0.7959496378898621,14hpf
atp1b1b,ENSDARG00000076833,True,3,14.285714285714285,0.16854099929332733,1.507939100265503,18hpf
atp1b1b,ENSDARG00000076833,True,1,12.5,0.17829619348049164,1.426369547843933,24hpf
atp1b1b,ENSDARG00000076833,True,2,18.181818181818183,0.26007601618766785,1.507939100265503,cluster_105
atp1b1b,ENSDARG00000076833,True,1,10.0,0.06785248219966888,0.6785248517990112,cluster_109
atp1b1b,ENSDARG00000076833,True,1,12.5,0.17829619348049164,1.426369547843933,cluster_187
atp1b1b,ENSDARG00000076833,True,1,7.142857142857142,0.05685354396700859,0.7959496378898621,cluster_69
cdh17,ENSDARG00000005112,True,36,83.72093023255815,1.9844248294830322,3.503575563430786,
cdh17,ENSDARG00000005112,True,8,57.14285714285714,0.9598566293716431,2.538053274154663,14hpf
cdh17,ENSDARG00000005112,True,21,100.0,2.647952079772949,3.503575563430786,18hpf
cdh17,ENSDARG00000005112,True,7,87.5,2.0356602668762207,3.238003730773926,24hpf
cdh17,ENSDARG00000005112,True,11,100.0,2.7097108364105225,3.005378484725952,cluster_105
cdh17,ENSDARG00000005112,True,10,100.0,2.580017328262329,3.503575563430786,cluster_109
cdh17,ENSDARG00000005112,True,7,87.5,2.0356602668762207,3.238003730773926,cluster_187
cdh17,ENSDARG00000005112,True,8,57.14285714285714,0.9598566293716431,2.538053274154663,cluster_69
clcnkb,,False,0,0.0,,,
emx1,ENSDARG00000039569,True,5,11.627906976744185,0.11245089024305344,1.3531808853149414,
emx1,ENSDARG00000039569,True,0,0.0,0.0,0.0,14hpf
emx1,ENSDARG00000039569,True,5,23.809523809523807,0.230256587266922,1.3531808853149414,18hpf
emx1,ENSDARG00000039569,True,0,0.0,0.0,0.0,24hpf
emx1,ENSDARG00000039569,True,5,45.45454545454545,0.4395807385444641,1.3531808853149414,cluster_105
emx1,ENSDARG00000039569,True,0,0.0,0.0,0.0,cluster_109
emx1,ENSDARG00000039569,True,0,0.0,0.0,0.0,cluster_187
emx1,ENSDARG00000039569,True,0,0.0,0.0,0.0,cluster_69
foxc1a,ENSDARG00000091481,False,0,0.0,,,
gata3,ENSDARG00000016526,True,9,20.930232558139537,0.22927460074424744,1.752745509147644,
gata3,ENSDARG00000016526,True,1,7.142857142857142,0.05845446139574051,0.8183624744415283,14hpf
gata3,ENSDARG00000016526,True,7,33.33333333333333,0.3924320638179779,1.752745509147644,18hpf
gata3,ENSDARG00000016526,True,1,12.5,0.09992129355669022,0.7993703484535217,24hpf
gata3,ENSDARG00000016526,True,6,54.54545454545454,0.6875044703483582,1.752745509147644,cluster_105
gata3,ENSDARG00000016526,True,1,10.0,0.06785248219966888,0.6785248517990112,cluster_109
gata3,ENSDARG00000016526,True,1,12.5,0.09992129355669022,0.7993703484535217,cluster_187
gata3,ENSDARG00000016526,True,1,7.142857142857142,0.05845446139574051,0.8183624744415283,cluster_69
hnf1ba,ENSDARG00000006615,True,43,100.0,2.436248779296875,3.712705373764038,
hnf1ba,ENSDARG00000006615,True,14,100.0,2.4543819427490234,3.3781259059906006,14hpf
hnf1ba,ENSDARG00000006615,True,21,100.0,2.525787115097046,3.712705373764038,18hpf
hnf1ba,ENSDARG00000006615,True,8,100.0,2.1694769859313965,3.2726330757141113,24hpf
hnf1ba,ENSDARG00000006615,True,11,100.0,2.8215718269348145,3.608335256576538,cluster_105
hnf1ba,ENSDARG00000006615,True,10,100.0,2.2004246711730957,3.712705373764038,cluster_109
hnf1ba,ENSDARG00000006615,True,8,100.0,2.1694769859313965,3.2726330757141113,cluster_187
hnf1ba,ENSDARG00000006615,True,14,100.0,2.4543819427490234,3.3781259059906006,cluster_69
hnf1bb,ENSDARG00000022295,True,32,74.4186046511628,1.5260426998138428,3.28957462310791,
hnf1bb,ENSDARG00000022295,True,14,100.0,2.4745209217071533,3.28957462310791,14hpf
hnf1bb,ENSDARG00000022295,True,11,52.38095238095239,0.8305135369300842,2.630582571029663,18hpf
hnf1bb,ENSDARG00000022295,True,7,87.5,1.691969633102417,3.0802130699157715,24hpf
hnf1bb,ENSDARG00000022295,True,3,27.27272727272727,0.24463777244091034,1.0713732242584229,cluster_105
hnf1bb,ENSDARG00000022295,True,8,80.0,1.474976897239685,2.630582571029663,cluster_109
hnf1bb,ENSDARG00000022295,True,7,87.5,1.691969633102417,3.0802130699157715,cluster_187
hnf1bb,ENSDARG00000022295,True,14,100.0,2.4745209217071533,3.28957462310791,cluster_69
irx3b,ENSDARG00000031138,True,12,27.906976744186046,0.3875536322593689,2.2906131744384766,
irx3b,ENSDARG00000031138,True,7,50.0,0.7048493027687073,2.1104109287261963,14hpf
irx3b,ENSDARG00000031138,True,4,19.047619047619047,0.27849698066711426,2.2906131744384766,18hpf
irx3b,ENSDARG00000031138,True,1,12.5,0.11855978518724442,0.9484782814979553,24hpf
irx3b,ENSDARG00000031138,True,2,18.181818181818183,0.17765690386295319,1.2830321788787842,cluster_105
irx3b,ENSDARG00000031138,True,2,20.0,0.3894210159778595,2.2906131744384766,cluster_109
irx3b,ENSDARG00000031138,True,1,12.5,0.11855978518724442,0.9484782814979553,cluster_187
irx3b,ENSDARG00000031138,True,7,50.0,0.7048493027687073,2.1104109287261963,cluster_69
kcnj1a.1,ENSDARG00000091232,False,0,0.0,,,
lhx1a,ENSDARG00000014018,True,15,34.883720930232556,0.6120080351829529,2.852348804473877,
lhx1a,ENSDARG00000014018,True,13,92.85714285714286,1.753539800643921,2.852348804473877,14hpf
lhx1a,ENSDARG00000014018,True,2,9.523809523809524,0.08413279801607132,1.1694586277008057,18hpf
lhx1a,ENSDARG00000014018,True,0,0.0,0.0,0.0,24hpf
lhx1a,ENSDARG00000014018,True,1,9.090909090909092,0.05430274084210396,0.5973301529884338,cluster_105
lhx1a,ENSDARG00000014018,True,1,10.0,0.11694586277008057,1.1694586277008057,cluster_109
lhx1a,ENSDARG00000014018,True,0,0.0,0.0,0.0,cluster_187
lhx1a,ENSDARG00000014018,True,13,92.85714285714286,1.753539800643921,2.852348804473877,cluster_69
mafba,ENSDARG00000017121,True,6,13.953488372093023,0.13566167652606964,1.1626148223876953,
mafba,ENSDARG00000017121,True,1,7.142857142857142,0.07709001749753952,1.079260230064392,14hpf
mafba,ENSDARG00000017121,True,4,19.047619047619047,0.17714156210422516,1.1626148223876953,18hpf
mafba,ENSDARG00000017121,True,1,12.5,0.12927734851837158,1.0342187881469727,24hpf
mafba,ENSDARG00000017121,True,2,18.181818181818183,0.17369098961353302,1.0713732242584229,cluster_105
mafba,ENSDARG00000017121,True,2,20.0,0.18093720078468323,1.1626148223876953,cluster_109
mafba,ENSDARG00000017121,True,1,12.5,0.12927734851837158,1.0342187881469727,cluster_187
mafba,ENSDARG00000017121,True,1,7.142857142857142,0.07709001749753952,1.079260230064392,cluster_69
mecom,ENSDARG00000060808,False,0,0.0,,,
nphs1,ENSDARG00000060758,False,0,0.0,,,
nphs2,ENSDARG00000042850,False,0,0.0,,,
pax2a,ENSDARG00000028148,True,36,83.72093023255815,1.5800896883010864,2.9327943325042725,
pax2a,ENSDARG00000028148,True,13,92.85714285714286,2.0272369384765625,2.9327943325042725,14hpf
pax2a,ENSDARG00000028148,True,16,76.19047619047619,1.3193100690841675,2.6604480743408203,18hpf
pax2a,ENSDARG00000028148,True,7,87.5,1.4821277856826782,2.8077313899993896,24hpf
pax2a,ENSDARG00000028148,True,9,81.81818181818183,1.5026379823684692,2.6604480743408203,cluster_105
pax2a,ENSDARG00000028148,True,7,70.0,1.1176493167877197,2.2906131744384766,cluster_109
pax2a,ENSDARG00000028148,True,7,87.5,1.4821277856826782,2.8077313899993896,cluster_187
pax2a,ENSDARG00000028148,True,13,92.85714285714286,2.0272369384765625,2.9327943325042725,cluster_69
pax8,ENSDARG00000015879,False,0,0.0,,,
podxl,ENSDARG00000031228,True,5,11.627906976744185,0.11089811474084854,1.2796497344970703,
podxl,ENSDARG00000031228,True,1,7.142857142857142,0.058555781841278076,0.8197809457778931,14hpf
podxl,ENSDARG00000031228,True,2,9.523809523809524,0.08903895318508148,1.238890528678894,18hpf
podxl,ENSDARG00000031228,True,2,25.0,0.2598775029182434,1.2796497344970703,24hpf
podxl,ENSDARG00000031228,True,2,18.181818181818183,0.16998344659805298,1.238890528678894,cluster_105
podxl,ENSDARG00000031228,True,0,0.0,0.0,0.0,cluster_109
podxl,ENSDARG00000031228,True,2,25.0,0.2598775029182434,1.2796497344970703,cluster_187
podxl,ENSDARG00000031228,True,1,7.142857142857142,0.058555781841278076,0.8197809457778931,cluster_69
pou3f3a,ENSDARG00000042032,True,8,18.6046511627907,0.2531059980392456,2.122901439666748,
pou3f3a,ENSDARG00000042032,True,0,0.0,0.0,0.0,14hpf
pou3f3a,ENSDARG00000042032,True,7,33.33333333333333,0.44485145807266235,2.122901439666748,18hpf
pou3f3a,ENSDARG00000042032,True,1,12.5,0.19270963966846466,1.5416771173477173,24hpf
pou3f3a,ENSDARG00000042032,True,6,54.54545454545454,0.7759551405906677,2.122901439666748,cluster_105
pou3f3a,ENSDARG00000042032,True,1,10.0,0.08063741028308868,0.8063740730285645,cluster_109
pou3f3a,ENSDARG00000042032,True,1,12.5,0.19270963966846466,1.5416771173477173,cluster_187
pou3f3a,ENSDARG00000042032,True,0,0.0,0.0,0.0,cluster_69
sim1a,ENSDARG00000023316,False,0,0.0,,,
slc12a1,ENSDARG00000098096,False,0,0.0,,,
slc12a1a,,False,0,0.0,,,
slc12a3,ENSDARG00000013855,True,12,27.906976744186046,0.9759081602096558,4.53040075302124,
slc12a3,ENSDARG00000013855,True,1,7.142857142857142,0.0901648998260498,1.2623085975646973,14hpf
slc12a3,ENSDARG00000013855,True,11,52.38095238095239,1.938178300857544,4.53040075302124,18hpf
slc12a3,ENSDARG00000013855,True,0,0.0,0.0,0.0,24hpf
slc12a3,ENSDARG00000013855,True,11,100.0,3.70015811920166,4.53040075302124,cluster_105
slc12a3,ENSDARG00000013855,True,0,0.0,0.0,0.0,cluster_109
slc12a3,ENSDARG00000013855,True,0,0.0,0.0,0.0,cluster_187
slc12a3,ENSDARG00000013855,True,1,7.142857142857142,0.0901648998260498,1.2623085975646973,cluster_69
slc13a1,ENSDARG00000045638,False,0,0.0,,,
slc13a3,ENSDARG00000069478,True,4,9.30232558139535,0.07213902473449707,1.0147615671157837,
slc13a3,ENSDARG00000069478,True,0,0.0,0.0,0.0,14hpf
slc13a3,ENSDARG00000069478,True,4,19.047619047619047,0.14771322906017303,1.0147615671157837,18hpf
slc13a3,ENSDARG00000069478,True,0,0.0,0.0,0.0,24hpf
slc13a3,ENSDARG00000069478,True,2,18.181818181818183,0.14655379951000214,1.0147615671157837,cluster_105
slc13a3,ENSDARG00000069478,True,2,20.0,0.14898863434791565,0.8431292176246643,cluster_109
slc13a3,ENSDARG00000069478,True,0,0.0,0.0,0.0,cluster_187
slc13a3,ENSDARG00000069478,True,0,0.0,0.0,0.0,cluster_69
slc20a1a,ENSDARG00000020114,True,13,30.23255813953488,0.5164594650268555,2.9677646160125732,
slc20a1a,ENSDARG00000020114,True,2,14.285714285714285,0.11413492262363434,0.8019392490386963,14hpf
slc20a1a,ENSDARG00000020114,True,6,28.57142857142857,0.5129448175430298,2.9677646160125732,18hpf
slc20a1a,ENSDARG00000020114,True,5,62.5,1.2297533750534058,2.951209783554077,24hpf
slc20a1a,ENSDARG00000020114,True,1,9.090909090909092,0.0713718831539154,0.7850907444953918,cluster_105
slc20a1a,ENSDARG00000020114,True,5,50.0,0.9986749887466431,2.9677646160125732,cluster_109
slc20a1a,ENSDARG00000020114,True,5,62.5,1.2297533750534058,2.951209783554077,cluster_187
slc20a1a,ENSDARG00000020114,True,2,14.285714285714285,0.11413492262363434,0.8019392490386963,cluster_69
slc4a4a,ENSDARG00000013730,True,21,48.837209302325576,1.213133692741394,4.137385845184326,
slc4a4a,ENSDARG00000013730,True,1,7.142857142857142,0.11796252429485321,1.6514753103256226,14hpf
slc4a4a,ENSDARG00000013730,True,12,57.14285714285714,1.3468562364578247,3.9427571296691895,18hpf
slc4a4a,ENSDARG00000013730,True,8,100.0,2.7786617279052734,4.137385845184326,24hpf
slc4a4a,ENSDARG00000013730,True,2,18.181818181818183,0.17312949895858765,1.0147615671157837,cluster_105
slc4a4a,ENSDARG00000013730,True,10,100.0,2.637955665588379,3.9427571296691895,cluster_109
slc4a4a,ENSDARG00000013730,True,8,100.0,2.7786617279052734,4.137385845184326,cluster_187
slc4a4a,ENSDARG00000013730,True,1,7.142857142857142,0.11796252429485321,1.6514753103256226,cluster_69
tbx2b,ENSDARG00000006120,True,6,13.953488372093023,0.16424432396888733,1.685799479484558,
tbx2b,ENSDARG00000006120,True,0,0.0,0.0,0.0,14hpf
tbx2b,ENSDARG00000006120,True,5,23.809523809523807,0.26067477464675903,1.685799479484558,18hpf
tbx2b,ENSDARG00000006120,True,1,12.5,0.198542058467865,1.58833646774292,24hpf
tbx2b,ENSDARG00000006120,True,5,45.45454545454545,0.4976518452167511,1.685799479484558,cluster_105
tbx2b,ENSDARG00000006120,True,0,0.0,0.0,0.0,cluster_109
tbx2b,ENSDARG00000006120,True,1,12.5,0.198542058467865,1.58833646774292,cluster_187
tbx2b,ENSDARG00000006120,True,0,0.0,0.0,0.0,cluster_69
trpm7,ENSDARG00000036232,True,7,16.27906976744186,0.20730550587177277,1.5740772485733032,
trpm7,ENSDARG00000036232,True,1,7.142857142857142,0.0686471238732338,0.9610596895217896,14hpf
trpm7,ENSDARG00000036232,True,4,19.047619047619047,0.23738238215446472,1.5740772485733032,18hpf
trpm7,ENSDARG00000036232,True,2,25.0,0.3710058331489563,1.5416771173477173,24hpf
trpm7,ENSDARG00000036232,True,2,18.181818181818183,0.20937876403331757,1.5740772485733032,cluster_105
trpm7,ENSDARG00000036232,True,2,20.0,0.26818639039993286,1.434962511062622,cluster_109
trpm7,ENSDARG00000036232,True,2,25.0,0.3710058331489563,1.5416771173477173,cluster_187
trpm7,ENSDARG00000036232,True,1,7.142857142857142,0.0686471238732338,0.9610596895217896,cluster_69
wt1a,ENSDARG00000031420,False,0,0.0,,,
wt1b,ENSDARG00000007990,False,0,0.0,,,
